{"flutter":{"platforms":{"android":{"default":{"projectId":"test-login-e28f1","appId":"1:451212338777:android:125ee269fff24fa25eb348","fileOutput":"android/app/google-services.json"}},"dart":{"lib/firebase_options.dart":{"projectId":"test-login-e28f1","configurations":{"android":"1:451212338777:android:125ee269fff24fa25eb348","ios":"1:451212338777:ios:618fa6d7fa68c5f15eb348","macos":"1:451212338777:ios:618fa6d7fa68c5f15eb348","web":"1:451212338777:web:6d465205d392440a5eb348","windows":"1:451212338777:web:5adbc8ab09cbd6905eb348"}}}}}}